nr_train,num_epochs,n_bad_epochs,num_hidden_layers,hidden_size,batch_size,af_first_layer,af_hidden_layers,af_output_layer,loss_function,dropout,batch_norm,learning_rate,optimizer,weight_decay,epoch_stopped,loss,accuracy,precision,precision_total,recall,recall_total,f1_score,f1_score_total,support
5762,500,3,10,16,512,Tanh(),LeakyReLU(negative_slope=0.01),None,CrossEntropyLoss(),0.0,False,1e-05,torch.optim.SGD,0.0001,8,89.1637259721756,0.1055783170501103,"[0.0, 0.10557831705011031, 0.0, 0.0, 0.0]",0.1055783170501103,"[0.0, 1.0, 0.0, 0.0, 0.0]",1.0,"[0.0, 0.19099201824401368, 0.0, 0.0, 0.0]",0.1909920182440136,"[122, 335, 1143, 1416, 157]"
5763,500,3,10,16,512,Tanh(),LeakyReLU(negative_slope=0.01),None,CrossEntropyLoss(),0.0,False,1e-05,torch.optim.Adam,0.0001,8,88.98190557956696,0.1055783170501103,"[0.0, 0.10557831705011031, 0.0, 0.0, 0.0]",0.1055783170501103,"[0.0, 1.0, 0.0, 0.0, 0.0]",1.0,"[0.0, 0.19099201824401368, 0.0, 0.0, 0.0]",0.1909920182440136,"[122, 335, 1143, 1416, 157]"
5764,500,3,10,16,512,Tanh(),LeakyReLU(negative_slope=0.01),None,CrossEntropyLoss(),0.0,True,1e-05,torch.optim.SGD,0.0001,13,91.63087105751038,0.0841474944847147,"[0.05448275862068966, 0.07547169811320754, 0.38125, 0.6666666666666666, 0.044543429844097995]",1.2224145532446618,"[0.6475409836065574, 0.011940298507462687, 0.10673665791776028, 0.0014124293785310734, 0.3821656050955414]",1.149795974505853,"[0.10050890585241731, 0.02061855670103093, 0.16678058783321942, 0.0028188865398167725, 0.0797872340425532]",0.3705141709690376,"[122, 335, 1143, 1416, 157]"
5765,500,3,10,16,512,Tanh(),LeakyReLU(negative_slope=0.01),None,CrossEntropyLoss(),0.0,True,1e-05,torch.optim.Adam,0.0001,95,79.49452269077301,0.3876457611093602,"[0.10425531914893617, 0.2509090909090909, 0.44789915966386556, 0.8221528861154446, 0.08710217755443886]",1.712318633391776,"[0.4016393442622951, 0.20597014925373133, 0.4663167104111986, 0.3721751412429379, 0.33121019108280253]",1.7773115362529657,"[0.16554054054054054, 0.22622950819672133, 0.4569224174882126, 0.512396694214876, 0.13793103448275862]",1.4990201949231092,"[122, 335, 1143, 1416, 157]"
5766,500,3,10,16,512,Tanh(),LeakyReLU(negative_slope=0.01),LogSoftmax(dim=1),KLDivLoss(),0.0,False,1e-05,torch.optim.SGD,0.0001,10,88.6260347366333,0.3602269145918689,"[0.0, 0.0, 0.3602269145918689, 0.0, 0.0]",0.3602269145918689,"[0.0, 0.0, 1.0, 0.0, 0.0]",1.0,"[0.0, 0.0, 0.5296570898980538, 0.0, 0.0]",0.5296570898980538,"[122, 335, 1143, 1416, 157]"
5767,500,3,10,16,512,Tanh(),LeakyReLU(negative_slope=0.01),LogSoftmax(dim=1),KLDivLoss(),0.0,False,1e-05,torch.optim.Adam,0.0001,18,88.62758243083954,0.0494799873936337,"[0.0, 0.0, 0.0, 0.0, 0.04947998739363379]",0.0494799873936337,"[0.0, 0.0, 0.0, 0.0, 1.0]",1.0,"[0.0, 0.0, 0.0, 0.0, 0.0942942942942943]",0.0942942942942943,"[122, 335, 1143, 1416, 157]"
5768,500,3,10,16,512,Tanh(),LeakyReLU(negative_slope=0.01),LogSoftmax(dim=1),KLDivLoss(),0.0,True,1e-05,torch.optim.SGD,0.0001,13,91.12945973873138,0.3554995272612669,"[0.06666666666666667, 0.10204081632653061, 0.2763337893296854, 0.41160471441523117, 0.047619047619047616]",0.9042650343571614,"[0.040983606557377046, 0.029850746268656716, 0.17672790901137359, 0.6412429378531074, 0.01910828025477707]",0.9079134799452918,"[0.05076142131979695, 0.04618937644341801, 0.21558164354322307, 0.5013804527885146, 0.027272727272727275]",0.8411856213676799,"[122, 335, 1143, 1416, 157]"
5769,500,3,10,16,512,Tanh(),LeakyReLU(negative_slope=0.01),LogSoftmax(dim=1),KLDivLoss(),0.0,True,1e-05,torch.optim.Adam,0.0001,61,80.91284847259521,0.332492908919004,"[0.0798076923076923, 0.0, 0.5139664804469274, 0.7923976608187134, 0.08458390177353342]",1.4707557353468663,"[0.680327868852459, 0.0, 0.3219597550306212, 0.3827683615819209, 0.39490445859872614]",1.779960444063727,"[0.14285714285714285, 0.0, 0.3959117805271652, 0.5161904761904762, 0.1393258426966292]",1.1942852422714134,"[122, 335, 1143, 1416, 157]"
5770,500,3,10,16,512,LeakyReLU(negative_slope=0.01),LeakyReLU(negative_slope=0.01),None,CrossEntropyLoss(),0.0,False,1e-05,torch.optim.SGD,0.0001,10,89.16983258724213,0.3602269145918689,"[0.0, 0.0, 0.3602269145918689, 0.0, 0.0]",0.3602269145918689,"[0.0, 0.0, 1.0, 0.0, 0.0]",1.0,"[0.0, 0.0, 0.5296570898980538, 0.0, 0.0]",0.5296570898980538,"[122, 335, 1143, 1416, 157]"
5771,500,3,10,16,512,LeakyReLU(negative_slope=0.01),LeakyReLU(negative_slope=0.01),None,CrossEntropyLoss(),0.0,False,1e-05,torch.optim.Adam,0.0001,8,89.47239327430725,0.4462653640088244,"[0.0, 0.0, 0.0, 0.44626536400882444, 0.0]",0.4462653640088244,"[0.0, 0.0, 0.0, 1.0, 0.0]",1.0,"[0.0, 0.0, 0.0, 0.6171279145783395, 0.0]",0.6171279145783395,"[122, 335, 1143, 1416, 157]"
5772,500,3,10,16,512,LeakyReLU(negative_slope=0.01),LeakyReLU(negative_slope=0.01),None,CrossEntropyLoss(),0.0,True,1e-05,torch.optim.SGD,0.0001,22,90.8413941860199,0.138670028364324,"[0.03857693956279468, 0.0949367088607595, 0.0, 0.5022556390977444, 0.0625]",0.6982692875212986,"[0.7377049180327869, 0.04477611940298507, 0.0, 0.23587570621468926, 0.006369426751592357]",1.0247261704020536,"[0.07331975560081465, 0.06085192697768763, 0.0, 0.3209995194617972, 0.011560693641618498]",0.466731895681918,"[122, 335, 1143, 1416, 157]"
5773,500,3,10,16,512,LeakyReLU(negative_slope=0.01),LeakyReLU(negative_slope=0.01),None,CrossEntropyLoss(),0.0,True,1e-05,torch.optim.Adam,0.0001,78,79.62964749336243,0.2965647652064292,"[0.09006211180124224, 0.35294117647058826, 0.5830903790087464, 0.7445945945945946, 0.07494489346069066]",1.8456331553358625,"[0.47540983606557374, 0.08955223880597014, 0.17497812773403323, 0.3891242937853107, 0.6496815286624203]",1.7787460250533085,"[0.1514360313315927, 0.14285714285714288, 0.2691790040376851, 0.5111317254174397, 0.1343873517786561]",1.2089912554225164,"[122, 335, 1143, 1416, 157]"
5774,500,3,10,16,512,LeakyReLU(negative_slope=0.01),LeakyReLU(negative_slope=0.01),LogSoftmax(dim=1),KLDivLoss(),0.0,False,1e-05,torch.optim.SGD,0.0001,8,89.27594578266144,0.4462653640088244,"[0.0, 0.0, 0.0, 0.44626536400882444, 0.0]",0.4462653640088244,"[0.0, 0.0, 0.0, 1.0, 0.0]",1.0,"[0.0, 0.0, 0.0, 0.6171279145783395, 0.0]",0.6171279145783395,"[122, 335, 1143, 1416, 157]"
5775,500,3,10,16,512,LeakyReLU(negative_slope=0.01),LeakyReLU(negative_slope=0.01),LogSoftmax(dim=1),KLDivLoss(),0.0,False,1e-05,torch.optim.Adam,0.0001,10,88.7863165140152,0.3602269145918689,"[0.0, 0.0, 0.3602269145918689, 0.0, 0.0]",0.3602269145918689,"[0.0, 0.0, 1.0, 0.0, 0.0]",1.0,"[0.0, 0.0, 0.5296570898980538, 0.0, 0.0]",0.5296570898980538,"[122, 335, 1143, 1416, 157]"
5776,500,3,10,16,512,LeakyReLU(negative_slope=0.01),LeakyReLU(negative_slope=0.01),LogSoftmax(dim=1),KLDivLoss(),0.0,True,1e-05,torch.optim.SGD,0.0001,15,92.65179443359376,0.1144027734005672,"[0.027896995708154508, 0.106, 0.0, 0.45161290322580644, 0.047619047619047616]",0.6331289465530086,"[0.10655737704918032, 0.7910447761194029, 0.0, 0.059322033898305086, 0.006369426751592357]",0.9632936138184808,"[0.04421768707482994, 0.18694885361552027, 0.0, 0.10486891385767791, 0.011235955056179777]",0.3472714096042079,"[122, 335, 1143, 1416, 157]"
5777,500,3,10,16,512,LeakyReLU(negative_slope=0.01),LeakyReLU(negative_slope=0.01),LogSoftmax(dim=1),KLDivLoss(),0.0,True,1e-05,torch.optim.Adam,0.0001,61,84.02842617034912,0.2656791679798298,"[0.07272727272727272, 0.1511627906976744, 0.495, 0.6936790923824959, 0.07820738137082602]",1.4907765371782689,"[0.19672131147540983, 0.31044776119402984, 0.1732283464566929, 0.3022598870056497, 0.5668789808917197]",1.549536287023502,"[0.10619469026548671, 0.20332355816226783, 0.2566429034348671, 0.42105263157894735, 0.13745173745173744]",1.1246655208933063,"[122, 335, 1143, 1416, 157]"
5778,500,3,10,64,512,Tanh(),LeakyReLU(negative_slope=0.01),None,CrossEntropyLoss(),0.0,False,1e-05,torch.optim.SGD,0.0001,16,88.73642063140869,0.1055783170501103,"[0.0, 0.10557831705011031, 0.0, 0.0, 0.0]",0.1055783170501103,"[0.0, 1.0, 0.0, 0.0, 0.0]",1.0,"[0.0, 0.19099201824401368, 0.0, 0.0, 0.0]",0.1909920182440136,"[122, 335, 1143, 1416, 157]"
5779,500,3,10,64,512,Tanh(),LeakyReLU(negative_slope=0.01),None,CrossEntropyLoss(),0.0,False,1e-05,torch.optim.Adam,0.0001,48,76.72059845924377,0.3195713835486921,"[0.05534167468719923, 0.4519230769230769, 0.8093841642228738, 0.8861538461538462, 0.0]",2.2028027619869963,"[0.9426229508196722, 0.14029850746268657, 0.24146981627296588, 0.4067796610169492, 0.0]",1.7311709355722738,"[0.10454545454545455, 0.21412300683371302, 0.3719676549865229, 0.5575992255566313, 0.0]",1.2482353419223218,"[122, 335, 1143, 1416, 157]"
5780,500,3,10,64,512,Tanh(),LeakyReLU(negative_slope=0.01),None,CrossEntropyLoss(),0.0,True,1e-05,torch.optim.SGD,0.0001,51,93.4872111082077,0.0850929719508351,"[0.05762933857236411, 0.14705882352941177, 0.35664335664335667, 0.41509433962264153, 0.03568464730290456]",1.0121105056706787,"[0.7213114754098361, 0.04477611940298507, 0.08923884514435695, 0.015536723163841809, 0.27388535031847133]",1.1447485134394912,"[0.10673135233474834, 0.06864988558352403, 0.14275717284814554, 0.029952348536419336, 0.0631424375917768]",0.411233196894614,"[122, 335, 1143, 1416, 157]"
5781,500,3,10,64,512,Tanh(),LeakyReLU(negative_slope=0.01),None,CrossEntropyLoss(),0.0,True,1e-05,torch.optim.Adam,0.0001,70,68.83156514167786,0.3529782540182792,"[0.08277027027027027, 0.2545454545454545, 0.6464646464646465, 0.8384279475982532, 0.09341637010676157]",1.9156246889853863,"[0.4016393442622951, 0.208955223880597, 0.2799650043744532, 0.4067796610169492, 0.6687898089171974]",1.966129042451492,"[0.1372549019607843, 0.22950819672131145, 0.3907203907203908, 0.5477888730385164, 0.1639344262295082]",1.4692067886705111,"[122, 335, 1143, 1416, 157]"
5782,500,3,10,64,512,Tanh(),LeakyReLU(negative_slope=0.01),None,CrossEntropyLoss(),0.5,False,1e-05,torch.optim.SGD,0.0001,8,88.57680892944336,0.0384494169555625,"[0.03844941695556256, 0.0, 0.0, 0.0, 0.0]",0.0384494169555625,"[1.0, 0.0, 0.0, 0.0, 0.0]",1.0,"[0.07405159332321701, 0.0, 0.0, 0.0, 0.0]",0.074051593323217,"[122, 335, 1143, 1416, 157]"
5783,500,3,10,64,512,Tanh(),LeakyReLU(negative_slope=0.01),None,CrossEntropyLoss(),0.5,False,1e-05,torch.optim.Adam,0.0001,19,88.64181685447693,0.0384494169555625,"[0.03844941695556256, 0.0, 0.0, 0.0, 0.0]",0.0384494169555625,"[1.0, 0.0, 0.0, 0.0, 0.0]",1.0,"[0.07405159332321701, 0.0, 0.0, 0.0, 0.0]",0.074051593323217,"[122, 335, 1143, 1416, 157]"
5784,500,3,10,64,512,Tanh(),LeakyReLU(negative_slope=0.01),None,CrossEntropyLoss(),0.5,True,1e-05,torch.optim.SGD,0.0001,8,94.76802957057951,0.4456350456980775,"[0.0, 0.0, 0.4444444444444444, 0.44564183835182253, 0.0]",0.890086282796267,"[0.0, 0.0, 0.00699912510936133, 0.9929378531073446, 0.0]",0.999936978216706,"[0.0, 0.0, 0.013781223083548665, 0.615182673375629, 0.0]",0.6289638964591777,"[122, 335, 1143, 1416, 157]"
5785,500,3,10,64,512,Tanh(),LeakyReLU(negative_slope=0.01),None,CrossEntropyLoss(),0.5,True,1e-05,torch.optim.Adam,0.0001,35,90.31071150302888,0.0384494169555625,"[0.039380245319561004, 0.0, 0.0, 0.0, 0.0]",0.039380245319561,"[1.0, 0.0, 0.0, 0.0, 0.0]",1.0,"[0.07577639751552794, 0.0, 0.0, 0.0, 0.0]",0.0757763975155279,"[122, 335, 1143, 1416, 157]"
5786,500,3,10,64,512,Tanh(),LeakyReLU(negative_slope=0.01),LogSoftmax(dim=1),KLDivLoss(),0.0,False,1e-05,torch.optim.SGD,0.0001,8,88.6219642162323,0.0384494169555625,"[0.03844941695556256, 0.0, 0.0, 0.0, 0.0]",0.0384494169555625,"[1.0, 0.0, 0.0, 0.0, 0.0]",1.0,"[0.07405159332321701, 0.0, 0.0, 0.0, 0.0]",0.074051593323217,"[122, 335, 1143, 1416, 157]"
5787,500,3,10,64,512,Tanh(),LeakyReLU(negative_slope=0.01),LogSoftmax(dim=1),KLDivLoss(),0.0,False,1e-05,torch.optim.Adam,0.0001,79,73.15700387954712,0.3495115033091711,"[0.09600997506234414, 0.5227272727272727, 0.8236914600550964, 0.8995363214837713, 0.08248232521602514]",2.424447354544509,"[0.6311475409836066, 0.1373134328358209, 0.2615923009623797, 0.4110169491525424, 0.6687898089171974]",2.109860032851547,"[0.16666666666666669, 0.21749408983451538, 0.397078353253652, 0.5642268540959768, 0.14685314685314685]",1.492319110703958,"[122, 335, 1143, 1416, 157]"
5788,500,3,10,64,512,Tanh(),LeakyReLU(negative_slope=0.01),LogSoftmax(dim=1),KLDivLoss(),0.0,True,1e-05,torch.optim.SGD,0.0001,21,89.85103273391724,0.24204223132682,"[0.08227848101265822, 0.10218978102189781, 0.4139344262295082, 0.4692378328741965, 0.0732196589769308]",1.1408601801151916,"[0.10655737704918032, 0.208955223880597, 0.08836395450568679, 0.3608757062146893, 0.46496815286624205]",1.2297204145163954,"[0.09285714285714285, 0.1372549019607843, 0.14563806777217014, 0.4079840319361277, 0.12651646447140383]",0.9102506089976288,"[122, 335, 1143, 1416, 157]"
5789,500,3,10,64,512,Tanh(),LeakyReLU(negative_slope=0.01),LogSoftmax(dim=1),KLDivLoss(),0.0,True,1e-05,torch.optim.Adam,0.0001,57,70.80065762996674,0.3428931610463284,"[0.09172661870503597, 0.25, 0.6037037037037037, 0.8528481012658228, 0.09083263246425567]",1.889111056138818,"[0.4180327868852459, 0.191044776119403, 0.2852143482064742, 0.3806497175141243, 0.6878980891719745]",1.962839717897222,"[0.15044247787610618, 0.21658206429780036, 0.3874034462269756, 0.5263671875, 0.16047548291233282]",1.441270658813215,"[122, 335, 1143, 1416, 157]"
5790,500,3,10,64,512,Tanh(),LeakyReLU(negative_slope=0.01),LogSoftmax(dim=1),KLDivLoss(),0.5,False,1e-05,torch.optim.SGD,0.0001,9,88.6215068101883,0.1055783170501103,"[0.0, 0.10557831705011031, 0.0, 0.0, 0.0]",0.1055783170501103,"[0.0, 1.0, 0.0, 0.0, 0.0]",1.0,"[0.0, 0.19099201824401368, 0.0, 0.0, 0.0]",0.1909920182440136,"[122, 335, 1143, 1416, 157]"
5791,500,3,10,64,512,Tanh(),LeakyReLU(negative_slope=0.01),LogSoftmax(dim=1),KLDivLoss(),0.5,False,1e-05,torch.optim.Adam,0.0001,10,88.69955277442932,0.4462653640088244,"[0.0, 0.0, 0.0, 0.44626536400882444, 0.0]",0.4462653640088244,"[0.0, 0.0, 0.0, 1.0, 0.0]",1.0,"[0.0, 0.0, 0.0, 0.6171279145783395, 0.0]",0.6171279145783395,"[122, 335, 1143, 1416, 157]"
5792,500,3,10,64,512,Tanh(),LeakyReLU(negative_slope=0.01),LogSoftmax(dim=1),KLDivLoss(),0.5,True,1e-05,torch.optim.SGD,0.0001,8,95.26754486560822,0.445319886542704,"[0.0, 0.125, 0.0, 0.446129541864139, 0.0]",0.571129541864139,"[0.0, 0.0029850746268656717, 0.0, 0.9971751412429378, 0.0]",1.0001602158698035,"[0.0, 0.0058309037900874635, 0.0, 0.6164592883649858, 0.0]",0.6222901921550732,"[122, 335, 1143, 1416, 157]"
5793,500,3,10,64,512,Tanh(),LeakyReLU(negative_slope=0.01),LogSoftmax(dim=1),KLDivLoss(),0.5,True,1e-05,torch.optim.Adam,0.0001,58,86.1400933265686,0.0384494169555625,"[0.04369627507163324, 0.0, 0.0, 0.0, 0.0]",0.0436962750716332,"[1.0, 0.0, 0.0, 0.0, 0.0]",1.0,"[0.08373369938229239, 0.0, 0.0, 0.0, 0.0]",0.0837336993822923,"[122, 335, 1143, 1416, 157]"
5794,500,3,10,64,512,LeakyReLU(negative_slope=0.01),LeakyReLU(negative_slope=0.01),None,CrossEntropyLoss(),0.0,False,1e-05,torch.optim.SGD,0.0001,10,88.63781559467316,0.0384494169555625,"[0.03844941695556256, 0.0, 0.0, 0.0, 0.0]",0.0384494169555625,"[1.0, 0.0, 0.0, 0.0, 0.0]",1.0,"[0.07405159332321701, 0.0, 0.0, 0.0, 0.0]",0.074051593323217,"[122, 335, 1143, 1416, 157]"
5795,500,3,10,64,512,LeakyReLU(negative_slope=0.01),LeakyReLU(negative_slope=0.01),None,CrossEntropyLoss(),0.0,False,1e-05,torch.optim.Adam,0.0001,74,78.24798846244812,0.3044437440907658,"[0.13227513227513227, 0.19591836734693877, 0.5294117647058824, 0.6960352422907489, 0.07717842323651453]",1.6308189298552167,"[0.20491803278688525, 0.4298507462686567, 0.06299212598425197, 0.4463276836158192, 0.5923566878980892]",1.7364452765537024,"[0.1607717041800643, 0.26915887850467285, 0.1125879593432369, 0.5438898450946643, 0.13656387665198236]",1.2229722637746208,"[122, 335, 1143, 1416, 157]"
5796,500,3,10,64,512,LeakyReLU(negative_slope=0.01),LeakyReLU(negative_slope=0.01),None,CrossEntropyLoss(),0.0,True,1e-05,torch.optim.SGD,0.0001,8,89.03855538368225,0.2864796722344784,"[0.041916167664670656, 0.17391304347826086, 0.39823008849557523, 0.5, 0.06007067137809187]",1.1741299710165989,"[0.11475409836065574, 0.023880597014925373, 0.03937007874015748, 0.5466101694915254, 0.43312101910828027]",1.1577359627155444,"[0.061403508771929814, 0.04199475065616798, 0.07165605095541401, 0.5222672064777327, 0.10550814584949572]",0.8028296627107403,"[122, 335, 1143, 1416, 157]"
5797,500,3,10,64,512,LeakyReLU(negative_slope=0.01),LeakyReLU(negative_slope=0.01),None,CrossEntropyLoss(),0.0,True,1e-05,torch.optim.Adam,0.0001,53,71.40865480899811,0.3381657737157264,"[0.09001636661211129, 0.21846153846153846, 0.6349892008639308, 0.8376722817764165, 0.09455842997323818]",1.8756978176872352,"[0.45081967213114754, 0.21194029850746268, 0.2572178477690289, 0.3862994350282486, 0.6751592356687898]",1.9814364891046776,"[0.15006821282401092, 0.21515151515151512, 0.36612702366127026, 0.528757854035766, 0.16588419405320814]",1.4259887997257703,"[122, 335, 1143, 1416, 157]"
5798,500,3,10,64,512,LeakyReLU(negative_slope=0.01),LeakyReLU(negative_slope=0.01),None,CrossEntropyLoss(),0.5,False,1e-05,torch.optim.SGD,0.0001,8,88.65991997718811,0.1055783170501103,"[0.0, 0.10557831705011031, 0.0, 0.0, 0.0]",0.1055783170501103,"[0.0, 1.0, 0.0, 0.0, 0.0]",1.0,"[0.0, 0.19099201824401368, 0.0, 0.0, 0.0]",0.1909920182440136,"[122, 335, 1143, 1416, 157]"
5799,500,3,10,64,512,LeakyReLU(negative_slope=0.01),LeakyReLU(negative_slope=0.01),None,CrossEntropyLoss(),0.5,False,1e-05,torch.optim.Adam,0.0001,11,88.63601219654083,0.1055783170501103,"[0.0, 0.10557831705011031, 0.0, 0.0, 0.0]",0.1055783170501103,"[0.0, 1.0, 0.0, 0.0, 0.0]",1.0,"[0.0, 0.19099201824401368, 0.0, 0.0, 0.0]",0.1909920182440136,"[122, 335, 1143, 1416, 157]"
5800,500,3,10,64,512,LeakyReLU(negative_slope=0.01),LeakyReLU(negative_slope=0.01),None,CrossEntropyLoss(),0.5,True,1e-05,torch.optim.SGD,0.0001,8,94.3451577425003,0.138670028364324,"[0.0, 0.10810810810810811, 0.0, 0.496, 0.0]",0.6041081081081081,"[0.0, 0.9432835820895522, 0.0, 0.08757062146892655, 0.0]",1.030854203558479,"[0.0, 0.1939840392879067, 0.0, 0.148859543817527, 0.0]",0.3428435831054337,"[122, 335, 1143, 1416, 157]"
5801,500,3,10,64,512,LeakyReLU(negative_slope=0.01),LeakyReLU(negative_slope=0.01),None,CrossEntropyLoss(),0.5,True,1e-05,torch.optim.Adam,0.0001,56,86.84828507900238,0.0384494169555625,"[0.04221453287197232, 0.0, 0.0, 0.0, 0.0]",0.0422145328719723,"[1.0, 0.0, 0.0, 0.0, 0.0]",1.0,"[0.08100929614873838, 0.0, 0.0, 0.0, 0.0]",0.0810092961487383,"[122, 335, 1143, 1416, 157]"
5802,500,3,10,64,512,LeakyReLU(negative_slope=0.01),LeakyReLU(negative_slope=0.01),LogSoftmax(dim=1),KLDivLoss(),0.0,False,1e-05,torch.optim.SGD,0.0001,9,88.98303854465485,0.0494799873936337,"[0.0, 0.0, 0.0, 0.0, 0.04947998739363379]",0.0494799873936337,"[0.0, 0.0, 0.0, 0.0, 1.0]",1.0,"[0.0, 0.0, 0.0, 0.0, 0.0942942942942943]",0.0942942942942943,"[122, 335, 1143, 1416, 157]"
5803,500,3,10,64,512,LeakyReLU(negative_slope=0.01),LeakyReLU(negative_slope=0.01),LogSoftmax(dim=1),KLDivLoss(),0.0,False,1e-05,torch.optim.Adam,0.0001,66,72.41434240341187,0.4484714780964387,"[0.11632653061224489, 0.20382165605095542, 0.48902346707040123, 0.9333333333333333, 0.15126050420168066]",1.893765491268616,"[0.4672131147540984, 0.382089552238806, 0.5651793525809273, 0.4053672316384181, 0.11464968152866242]",1.934498932740912,"[0.18627450980392157, 0.26583592938733125, 0.5243506493506492, 0.5652387986213688, 0.13043478260869565]",1.6721346697719663,"[122, 335, 1143, 1416, 157]"
5804,500,3,10,64,512,LeakyReLU(negative_slope=0.01),LeakyReLU(negative_slope=0.01),LogSoftmax(dim=1),KLDivLoss(),0.0,True,1e-05,torch.optim.SGD,0.0001,42,89.07636213302612,0.1225969114402773,"[0.02411873840445269, 0.10047846889952153, 0.2926829268292683, 0.5619335347432024, 0.06269430051813471]",1.0419079693945796,"[0.10655737704918032, 0.0626865671641791, 0.04199475065616798, 0.13135593220338984, 0.7707006369426752]",1.1132952640155924,"[0.039334341906202726, 0.07720588235294117, 0.07345065034429993, 0.21293646250715514, 0.1159559175850503]",0.5188832546956492,"[122, 335, 1143, 1416, 157]"
5805,500,3,10,64,512,LeakyReLU(negative_slope=0.01),LeakyReLU(negative_slope=0.01),LogSoftmax(dim=1),KLDivLoss(),0.0,True,1e-05,torch.optim.Adam,0.0001,57,71.21578192710876,0.3261897258115348,"[0.08094435075885328, 0.2197452229299363, 0.5957446808510638, 0.8042168674698795, 0.09187279151943463]",1.7925239135291675,"[0.39344262295081966, 0.20597014925373133, 0.24496937882764655, 0.3771186440677966, 0.6624203821656051]",1.883921177265599,"[0.13426573426573427, 0.21263482280431434, 0.347179169249845, 0.5134615384615385, 0.1613653995345229]",1.368906664315955,"[122, 335, 1143, 1416, 157]"
5806,500,3,10,64,512,LeakyReLU(negative_slope=0.01),LeakyReLU(negative_slope=0.01),LogSoftmax(dim=1),KLDivLoss(),0.5,False,1e-05,torch.optim.SGD,0.0001,8,88.75500416755676,0.3602269145918689,"[0.0, 0.0, 0.3602269145918689, 0.0, 0.0]",0.3602269145918689,"[0.0, 0.0, 1.0, 0.0, 0.0]",1.0,"[0.0, 0.0, 0.5296570898980538, 0.0, 0.0]",0.5296570898980538,"[122, 335, 1143, 1416, 157]"
5807,500,3,10,64,512,LeakyReLU(negative_slope=0.01),LeakyReLU(negative_slope=0.01),LogSoftmax(dim=1),KLDivLoss(),0.5,False,1e-05,torch.optim.Adam,0.0001,8,88.59619736671448,0.0384494169555625,"[0.03844941695556256, 0.0, 0.0, 0.0, 0.0]",0.0384494169555625,"[1.0, 0.0, 0.0, 0.0, 0.0]",1.0,"[0.07405159332321701, 0.0, 0.0, 0.0, 0.0]",0.074051593323217,"[122, 335, 1143, 1416, 157]"
5808,500,3,10,64,512,LeakyReLU(negative_slope=0.01),LeakyReLU(negative_slope=0.01),LogSoftmax(dim=1),KLDivLoss(),0.5,True,1e-05,torch.optim.SGD,0.0001,9,94.69930160045624,0.4437440907658367,"[0.0, 0.0, 0.0, 0.44542866181588103, 0.0]",0.445428661815881,"[0.0, 0.0, 0.0, 0.9943502824858758, 0.0]",0.9943502824858758,"[0.0, 0.0, 0.0, 0.6152501638627922, 0.0]",0.6152501638627922,"[122, 335, 1143, 1416, 157]"
5809,500,3,10,64,512,LeakyReLU(negative_slope=0.01),LeakyReLU(negative_slope=0.01),LogSoftmax(dim=1),KLDivLoss(),0.5,True,1e-05,torch.optim.Adam,0.0001,24,90.4502466917038,0.0384494169555625,"[0.038461538461538464, 0.0, 0.0, 0.0, 0.0]",0.0384615384615384,"[1.0, 0.0, 0.0, 0.0, 0.0]",1.0,"[0.07407407407407407, 0.0, 0.0, 0.0, 0.0]",0.074074074074074,"[122, 335, 1143, 1416, 157]"
5810,500,3,10,128,512,Tanh(),LeakyReLU(negative_slope=0.01),None,CrossEntropyLoss(),0.0,False,1e-05,torch.optim.SGD,0.0001,11,88.66025066375732,0.4462653640088244,"[0.0, 0.0, 0.0, 0.44626536400882444, 0.0]",0.4462653640088244,"[0.0, 0.0, 0.0, 1.0, 0.0]",1.0,"[0.0, 0.0, 0.0, 0.6171279145783395, 0.0]",0.6171279145783395,"[122, 335, 1143, 1416, 157]"
5811,500,3,10,128,512,Tanh(),LeakyReLU(negative_slope=0.01),None,CrossEntropyLoss(),0.0,False,1e-05,torch.optim.Adam,0.0001,58,74.19924795627594,0.3769303498266624,"[0.1276595744680851, 0.21739130434782608, 0.7830423940149626, 0.8978328173374613, 0.08796680497925312]",2.1138928951475884,"[0.04918032786885246, 0.5671641791044776, 0.2747156605424322, 0.4096045197740113, 0.6751592356687898]",1.975823922958563,"[0.07100591715976332, 0.31430934656741105, 0.4067357512953368, 0.5625606207565471, 0.15565345080763582]",1.5102650865866942,"[122, 335, 1143, 1416, 157]"
5812,500,3,10,128,512,Tanh(),LeakyReLU(negative_slope=0.01),None,CrossEntropyLoss(),0.0,True,1e-05,torch.optim.SGD,0.0001,23,88.710777759552,0.1755436495430192,"[0.05241935483870968, 0.03614457831325301, 0.34292565947242204, 0.5714285714285714, 0.0]",1.002918164052956,"[0.8524590163934426, 0.01791044776119403, 0.12510936132983377, 0.21468926553672316, 0.0]",1.2101680910211934,"[0.09876543209876544, 0.023952095808383235, 0.18333333333333335, 0.3121149897330595, 0.0]",0.6181658509735415,"[122, 335, 1143, 1416, 157]"
5813,500,3,10,128,512,Tanh(),LeakyReLU(negative_slope=0.01),None,CrossEntropyLoss(),0.0,True,1e-05,torch.optim.Adam,0.0001,72,63.97261869907379,0.3753545540497951,"[0.09090909090909091, 0.245014245014245, 0.6895238095238095, 0.842031029619182, 0.09242144177449169]",1.9598996168408191,"[0.3770491803278688, 0.25671641791044775, 0.31671041119860016, 0.4216101694915254, 0.6369426751592356]",2.0090288540876777,"[0.1464968152866242, 0.25072886297376096, 0.43405275779376495, 0.5618823529411765, 0.16142050040355127]",1.554581289398878,"[122, 335, 1143, 1416, 157]"
5814,500,3,10,128,512,Tanh(),LeakyReLU(negative_slope=0.01),None,CrossEntropyLoss(),0.5,False,1e-05,torch.optim.SGD,0.0001,11,88.59746527671814,0.0384494169555625,"[0.03844941695556256, 0.0, 0.0, 0.0, 0.0]",0.0384494169555625,"[1.0, 0.0, 0.0, 0.0, 0.0]",1.0,"[0.07405159332321701, 0.0, 0.0, 0.0, 0.0]",0.074051593323217,"[122, 335, 1143, 1416, 157]"
5815,500,3,10,128,512,Tanh(),LeakyReLU(negative_slope=0.01),None,CrossEntropyLoss(),0.5,False,1e-05,torch.optim.Adam,0.0001,11,88.5898699760437,0.4462653640088244,"[0.0, 0.0, 0.0, 0.44626536400882444, 0.0]",0.4462653640088244,"[0.0, 0.0, 0.0, 1.0, 0.0]",1.0,"[0.0, 0.0, 0.0, 0.6171279145783395, 0.0]",0.6171279145783395,"[122, 335, 1143, 1416, 157]"
5816,500,3,10,128,512,Tanh(),LeakyReLU(negative_slope=0.01),None,CrossEntropyLoss(),0.5,True,1e-05,torch.optim.SGD,0.0001,10,97.6366218328476,0.2537031200756382,"[0.009398496240601503, 0.0, 0.377134724857685, 0.0, 0.0]",0.3865332210982865,"[0.08196721311475409, 0.0, 0.6955380577427821, 0.0, 0.0]",0.7775052708575362,"[0.016863406408094434, 0.0, 0.4890802829898493, 0.0, 0.0]",0.5059436893979438,"[122, 335, 1143, 1416, 157]"
5817,500,3,10,128,512,Tanh(),LeakyReLU(negative_slope=0.01),None,CrossEntropyLoss(),0.5,True,1e-05,torch.optim.Adam,0.0001,46,85.04870522022247,0.0384494169555625,"[0.03844941695556256, 0.0, 0.0, 0.0, 0.0]",0.0384494169555625,"[1.0, 0.0, 0.0, 0.0, 0.0]",1.0,"[0.07405159332321701, 0.0, 0.0, 0.0, 0.0]",0.074051593323217,"[122, 335, 1143, 1416, 157]"
5818,500,3,10,128,512,Tanh(),LeakyReLU(negative_slope=0.01),LogSoftmax(dim=1),KLDivLoss(),0.0,False,1e-05,torch.optim.SGD,0.0001,8,88.61262094974518,0.4462653640088244,"[0.0, 0.0, 0.0, 0.44626536400882444, 0.0]",0.4462653640088244,"[0.0, 0.0, 0.0, 1.0, 0.0]",1.0,"[0.0, 0.0, 0.0, 0.6171279145783395, 0.0]",0.6171279145783395,"[122, 335, 1143, 1416, 157]"
5819,500,3,10,128,512,Tanh(),LeakyReLU(negative_slope=0.01),LogSoftmax(dim=1),KLDivLoss(),0.0,False,1e-05,torch.optim.Adam,0.0001,72,70.26285898685455,0.363693665300977,"[0.08945260347129506, 0.31382978723404253, 0.7886363636363637, 0.9359605911330049, 0.09351305812973884]",2.221392403604445,"[0.5491803278688525, 0.1761194029850746, 0.30358705161854765, 0.4025423728813559, 0.7070063694267515]",2.1384355247805824,"[0.15384615384615388, 0.22562141491395793, 0.43840808591282376, 0.5629629629629629, 0.16517857142857142]",1.5460171890644698,"[122, 335, 1143, 1416, 157]"
5820,500,3,10,128,512,Tanh(),LeakyReLU(negative_slope=0.01),LogSoftmax(dim=1),KLDivLoss(),0.0,True,1e-05,torch.optim.SGD,0.0001,25,88.69835245609283,0.1238575480617712,"[0.03880070546737213, 0.04878048780487805, 0.37305699481865284, 0.6219081272084805, 0.06818181818181818]",1.1507281334812016,"[0.36065573770491804, 0.041791044776119404, 0.06299212598425197, 0.12429378531073447, 0.554140127388535]",1.143872821164559,"[0.07006369426751592, 0.04501607717041801, 0.10778443113772455, 0.2071806945261919, 0.12142358688066991]",0.5514684839825202,"[122, 335, 1143, 1416, 157]"
5821,500,3,10,128,512,Tanh(),LeakyReLU(negative_slope=0.01),LogSoftmax(dim=1),KLDivLoss(),0.0,True,1e-05,torch.optim.Adam,0.0001,71,63.81523001194,0.3643239836117239,"[0.07750472589792061, 0.23843416370106763, 0.6427221172022685, 0.8208955223880597, 0.09389243391066546]",1.873448963099981,"[0.3360655737704918, 0.2, 0.2974628171478565, 0.4272598870056497, 0.6560509554140127]",1.9168392333380109,"[0.12596006144393243, 0.21753246753246755, 0.40669856459330145, 0.562006502554575, 0.16427432216905902]",1.4764719182933357,"[122, 335, 1143, 1416, 157]"
5822,500,3,10,128,512,Tanh(),LeakyReLU(negative_slope=0.01),LogSoftmax(dim=1),KLDivLoss(),0.5,False,1e-05,torch.optim.SGD,0.0001,10,88.63263487815857,0.1055783170501103,"[0.0, 0.10557831705011031, 0.0, 0.0, 0.0]",0.1055783170501103,"[0.0, 1.0, 0.0, 0.0, 0.0]",1.0,"[0.0, 0.19099201824401368, 0.0, 0.0, 0.0]",0.1909920182440136,"[122, 335, 1143, 1416, 157]"
5823,500,3,10,128,512,Tanh(),LeakyReLU(negative_slope=0.01),LogSoftmax(dim=1),KLDivLoss(),0.5,False,1e-05,torch.optim.Adam,0.0001,9,88.54463946819305,0.0384494169555625,"[0.03844941695556256, 0.0, 0.0, 0.0, 0.0]",0.0384494169555625,"[1.0, 0.0, 0.0, 0.0, 0.0]",1.0,"[0.07405159332321701, 0.0, 0.0, 0.0, 0.0]",0.074051593323217,"[122, 335, 1143, 1416, 157]"
5824,500,3,10,128,512,Tanh(),LeakyReLU(negative_slope=0.01),LogSoftmax(dim=1),KLDivLoss(),0.5,True,1e-05,torch.optim.SGD,0.0001,11,94.42260897159576,0.437125748502994,"[0.0, 0.0, 0.0, 0.44270667092243854, 0.0]",0.4427066709224385,"[0.0, 0.0, 0.0, 0.9795197740112994, 0.0]",0.9795197740112994,"[0.0, 0.0, 0.0, 0.6098043526049681, 0.0]",0.6098043526049681,"[122, 335, 1143, 1416, 157]"
5825,500,3,10,128,512,Tanh(),LeakyReLU(negative_slope=0.01),LogSoftmax(dim=1),KLDivLoss(),0.5,True,1e-05,torch.optim.Adam,0.0001,43,85.33015441894531,0.0384494169555625,"[0.03844941695556256, 0.0, 0.0, 0.0, 0.0]",0.0384494169555625,"[1.0, 0.0, 0.0, 0.0, 0.0]",1.0,"[0.07405159332321701, 0.0, 0.0, 0.0, 0.0]",0.074051593323217,"[122, 335, 1143, 1416, 157]"
5826,500,3,10,128,512,LeakyReLU(negative_slope=0.01),LeakyReLU(negative_slope=0.01),None,CrossEntropyLoss(),0.0,False,1e-05,torch.optim.SGD,0.0001,10,88.65666830539703,0.4462653640088244,"[0.0, 0.0, 0.0, 0.44626536400882444, 0.0]",0.4462653640088244,"[0.0, 0.0, 0.0, 1.0, 0.0]",1.0,"[0.0, 0.0, 0.0, 0.6171279145783395, 0.0]",0.6171279145783395,"[122, 335, 1143, 1416, 157]"
5827,500,3,10,128,512,LeakyReLU(negative_slope=0.01),LeakyReLU(negative_slope=0.01),None,CrossEntropyLoss(),0.0,False,1e-05,torch.optim.Adam,0.0001,68,70.53272294998169,0.3526630948629057,"[0.09567496723460026, 0.5714285714285714, 0.8527777777777777, 0.9342105263157895, 0.09057437407952872]",2.5446662168362675,"[0.5983606557377049, 0.14328358208955225, 0.268591426071741, 0.4011299435028249, 0.7834394904458599]",2.194805097847683,"[0.16497175141242937, 0.22911694510739858, 0.4085163007318696, 0.5612648221343873, 0.16237623762376238]",1.5262460570098473,"[122, 335, 1143, 1416, 157]"
5828,500,3,10,128,512,LeakyReLU(negative_slope=0.01),LeakyReLU(negative_slope=0.01),None,CrossEntropyLoss(),0.0,True,1e-05,torch.optim.SGD,0.0001,41,88.95114278793335,0.1140876142451938,"[0.05869797225186766, 0.08011310084825636, 0.37158469945355194, 0.7192982456140351, 0.08200455580865604]",1.3116985739763671,"[0.45081967213114754, 0.2537313432835821, 0.0594925634295713, 0.05790960451977401, 0.4585987261146497]",1.2805519094787248,"[0.10387157695939565, 0.12177650429799428, 0.10256410256410255, 0.10718954248366012, 0.13913043478260867]",0.5745321610877613,"[122, 335, 1143, 1416, 157]"
5829,500,3,10,128,512,LeakyReLU(negative_slope=0.01),LeakyReLU(negative_slope=0.01),None,CrossEntropyLoss(),0.0,True,1e-05,torch.optim.Adam,0.0001,70,64.10929381847382,0.3655846202332177,"[0.09090909090909091, 0.21119592875318066, 0.6424474187380497, 0.8263888888888888, 0.09657039711191336]",1.867511724401124,"[0.319672131147541, 0.24776119402985075, 0.29396325459317585, 0.4201977401129944, 0.6815286624203821]",1.963122982303944,"[0.14156079854809436, 0.22802197802197802, 0.40336134453781514, 0.5571161048689138, 0.1691699604743083]",1.4992301864511095,"[122, 335, 1143, 1416, 157]"
5830,500,3,10,128,512,LeakyReLU(negative_slope=0.01),LeakyReLU(negative_slope=0.01),None,CrossEntropyLoss(),0.5,False,1e-05,torch.optim.SGD,0.0001,9,88.60173082351685,0.3602269145918689,"[0.0, 0.0, 0.3602269145918689, 0.0, 0.0]",0.3602269145918689,"[0.0, 0.0, 1.0, 0.0, 0.0]",1.0,"[0.0, 0.0, 0.5296570898980538, 0.0, 0.0]",0.5296570898980538,"[122, 335, 1143, 1416, 157]"
5831,500,3,10,128,512,LeakyReLU(negative_slope=0.01),LeakyReLU(negative_slope=0.01),None,CrossEntropyLoss(),0.5,False,1e-05,torch.optim.Adam,0.0001,11,88.57468926906586,0.3602269145918689,"[0.0, 0.0, 0.3602269145918689, 0.0, 0.0]",0.3602269145918689,"[0.0, 0.0, 1.0, 0.0, 0.0]",1.0,"[0.0, 0.0, 0.5296570898980538, 0.0, 0.0]",0.5296570898980538,"[122, 335, 1143, 1416, 157]"
5832,500,3,10,128,512,LeakyReLU(negative_slope=0.01),LeakyReLU(negative_slope=0.01),None,CrossEntropyLoss(),0.5,True,1e-05,torch.optim.SGD,0.0001,10,98.7004815340042,0.1062086353608572,"[0.0, 0.10564490696941028, 0.0, 1.0, 0.0]",1.1056449069694103,"[0.0, 1.0, 0.0, 0.0014124293785310734, 0.0]",1.0014124293785311,"[0.0, 0.19110096976611524, 0.0, 0.0028208744710860366, 0.0]",0.1939218442372012,"[122, 335, 1143, 1416, 157]"
5833,500,3,10,128,512,LeakyReLU(negative_slope=0.01),LeakyReLU(negative_slope=0.01),None,CrossEntropyLoss(),0.5,True,1e-05,torch.optim.Adam,0.0001,34,85.7174082994461,0.0384494169555625,"[0.03844941695556256, 0.0, 0.0, 0.0, 0.0]",0.0384494169555625,"[1.0, 0.0, 0.0, 0.0, 0.0]",1.0,"[0.07405159332321701, 0.0, 0.0, 0.0, 0.0]",0.074051593323217,"[122, 335, 1143, 1416, 157]"
5834,500,3,10,128,512,LeakyReLU(negative_slope=0.01),LeakyReLU(negative_slope=0.01),LogSoftmax(dim=1),KLDivLoss(),0.0,False,1e-05,torch.optim.SGD,0.0001,9,88.53960108757019,0.0384494169555625,"[0.03844941695556256, 0.0, 0.0, 0.0, 0.0]",0.0384494169555625,"[1.0, 0.0, 0.0, 0.0, 0.0]",1.0,"[0.07405159332321701, 0.0, 0.0, 0.0, 0.0]",0.074051593323217,"[122, 335, 1143, 1416, 157]"
5835,500,3,10,128,512,LeakyReLU(negative_slope=0.01),LeakyReLU(negative_slope=0.01),LogSoftmax(dim=1),KLDivLoss(),0.0,False,1e-05,torch.optim.Adam,0.0001,73,71.43675780296326,0.3646391427670973,"[0.09821428571428571, 0.3611111111111111, 0.780045351473923, 0.9478991596638655, 0.09182879377431907]",2.2790987017375044,"[0.5409836065573771, 0.19402985074626866, 0.3009623797025372, 0.3983050847457627, 0.7515923566878981]",2.185873278439844,"[0.16624685138539044, 0.25242718446601947, 0.43434343434343436, 0.5609149676777722, 0.1636615811373093]",1.5775940190099256,"[122, 335, 1143, 1416, 157]"
5836,500,3,10,128,512,LeakyReLU(negative_slope=0.01),LeakyReLU(negative_slope=0.01),LogSoftmax(dim=1),KLDivLoss(),0.0,True,1e-05,torch.optim.SGD,0.0001,15,88.39231288433075,0.2886857863220926,"[0.08571428571428572, 0.10227272727272728, 0.38190954773869346, 0.43745318352059925, 0.07611241217798595]",1.0834621564242917,"[0.02459016393442623, 0.10746268656716418, 0.1994750656167979, 0.4124293785310734, 0.4140127388535032]",1.157970033502965,"[0.03821656050955414, 0.10480349344978165, 0.26206896551724135, 0.4245728825881498, 0.12858555885262116]",0.958247460917348,"[122, 335, 1143, 1416, 157]"
5837,500,3,10,128,512,LeakyReLU(negative_slope=0.01),LeakyReLU(negative_slope=0.01),LogSoftmax(dim=1),KLDivLoss(),0.0,True,1e-05,torch.optim.Adam,0.0001,73,63.56197249889374,0.3671604160100851,"[0.0872210953346856, 0.23214285714285715, 0.6568047337278107, 0.8463726884779517, 0.09554730983302412]",1.9180886845163287,"[0.3524590163934426, 0.2716417910447761, 0.29133858267716534, 0.4201977401129944, 0.6560509554140127]",1.9916880856423915,"[0.13983739837398376, 0.25034387895460797, 0.4036363636363637, 0.5615856536101935, 0.16680161943319838]",1.5222049140083476,"[122, 335, 1143, 1416, 157]"
5838,500,3,10,128,512,LeakyReLU(negative_slope=0.01),LeakyReLU(negative_slope=0.01),LogSoftmax(dim=1),KLDivLoss(),0.5,False,1e-05,torch.optim.SGD,0.0001,8,88.56045413017273,0.3602269145918689,"[0.0, 0.0, 0.3602269145918689, 0.0, 0.0]",0.3602269145918689,"[0.0, 0.0, 1.0, 0.0, 0.0]",1.0,"[0.0, 0.0, 0.5296570898980538, 0.0, 0.0]",0.5296570898980538,"[122, 335, 1143, 1416, 157]"
5839,500,3,10,128,512,LeakyReLU(negative_slope=0.01),LeakyReLU(negative_slope=0.01),LogSoftmax(dim=1),KLDivLoss(),0.5,False,1e-05,torch.optim.Adam,0.0001,14,88.57730603218079,0.0384494169555625,"[0.03844941695556256, 0.0, 0.0, 0.0, 0.0]",0.0384494169555625,"[1.0, 0.0, 0.0, 0.0, 0.0]",1.0,"[0.07405159332321701, 0.0, 0.0, 0.0, 0.0]",0.074051593323217,"[122, 335, 1143, 1416, 157]"
5840,500,3,10,128,512,LeakyReLU(negative_slope=0.01),LeakyReLU(negative_slope=0.01),LogSoftmax(dim=1),KLDivLoss(),0.5,True,1e-05,torch.optim.SGD,0.0001,8,92.63478100299837,0.3447841159785692,"[0.025157232704402517, 0.0, 0.3614337869233322, 1.0, 0.0]",1.386591019627735,"[0.03278688524590164, 0.0, 0.952755905511811, 0.0007062146892655367, 0.0]",0.9862490054469782,"[0.028469750889679717, 0.0, 0.5240615976900865, 0.0014114326040931544, 0.0]",0.5539427811838594,"[122, 335, 1143, 1416, 157]"
5841,500,3,10,128,512,LeakyReLU(negative_slope=0.01),LeakyReLU(negative_slope=0.01),LogSoftmax(dim=1),KLDivLoss(),0.5,True,1e-05,torch.optim.Adam,0.0001,73,84.12450385093689,0.0384494169555625,"[0.03844941695556256, 0.0, 0.0, 0.0, 0.0]",0.0384494169555625,"[1.0, 0.0, 0.0, 0.0, 0.0]",1.0,"[0.07405159332321701, 0.0, 0.0, 0.0, 0.0]",0.074051593323217,"[122, 335, 1143, 1416, 157]"
5842,500,3,10,256,512,Tanh(),LeakyReLU(negative_slope=0.01),None,CrossEntropyLoss(),0.0,False,1e-05,torch.optim.SGD,0.0001,8,88.53911089897156,0.0384494169555625,"[0.03844941695556256, 0.0, 0.0, 0.0, 0.0]",0.0384494169555625,"[1.0, 0.0, 0.0, 0.0, 0.0]",1.0,"[0.07405159332321701, 0.0, 0.0, 0.0, 0.0]",0.074051593323217,"[122, 335, 1143, 1416, 157]"
5843,500,3,10,256,512,Tanh(),LeakyReLU(negative_slope=0.01),None,CrossEntropyLoss(),0.0,False,1e-05,torch.optim.Adam,0.0001,61,70.42359590530396,0.3602269145918689,"[0.09851551956815115, 0.7547169811320755, 0.8004750593824228, 0.9467554076539102, 0.09137803979366249]",2.691841007530222,"[0.5983606557377049, 0.11940298507462686, 0.29483814523184604, 0.4018361581920904, 0.7898089171974523]",2.2042468614337203,"[0.1691772885283893, 0.20618556701030927, 0.43094629156010233, 0.5642042637580565, 0.16380449141347425]",1.5343179022703315,"[122, 335, 1143, 1416, 157]"
5844,500,3,10,256,512,Tanh(),LeakyReLU(negative_slope=0.01),None,CrossEntropyLoss(),0.0,True,1e-05,torch.optim.SGD,0.0001,87,85.0822081565857,0.3192562243933186,"[0.06572769953051644, 0.13846153846153847, 0.41287284144427, 0.5624438454627134, 0.10904255319148937]",1.2885484780905276,"[0.45901639344262296, 0.08059701492537313, 0.23009623797025372, 0.442090395480226, 0.2611464968152866]",1.4729465386337623,"[0.11498973305954827, 0.10188679245283018, 0.29550561797752806, 0.4950573349149862, 0.15384615384615385]",1.1612856322510463,"[122, 335, 1143, 1416, 157]"
5845,500,3,10,256,512,Tanh(),LeakyReLU(negative_slope=0.01),None,CrossEntropyLoss(),0.0,True,1e-05,torch.optim.Adam,0.0001,51,60.41167545318604,0.3816577371572644,"[0.08610567514677103, 0.22701149425287356, 0.6339285714285714, 0.8350785340314136, 0.09595959595959595]",1.8780838708192256,"[0.36065573770491804, 0.23582089552238805, 0.310586176727909, 0.4505649717514124, 0.6050955414012739]",1.962723323107901,"[0.13902053712480253, 0.23133235724743778, 0.4169113329418673, 0.5853211009174311, 0.16564952048823017]",1.5382348487197688,"[122, 335, 1143, 1416, 157]"
5846,500,3,10,256,512,Tanh(),LeakyReLU(negative_slope=0.01),None,CrossEntropyLoss(),0.5,False,1e-05,torch.optim.SGD,0.0001,11,88.57688665390015,0.0384494169555625,"[0.03844941695556256, 0.0, 0.0, 0.0, 0.0]",0.0384494169555625,"[1.0, 0.0, 0.0, 0.0, 0.0]",1.0,"[0.07405159332321701, 0.0, 0.0, 0.0, 0.0]",0.074051593323217,"[122, 335, 1143, 1416, 157]"
5847,500,3,10,256,512,Tanh(),LeakyReLU(negative_slope=0.01),None,CrossEntropyLoss(),0.5,False,1e-05,torch.optim.Adam,0.0001,8,88.53448736667633,0.1055783170501103,"[0.0, 0.10557831705011031, 0.0, 0.0, 0.0]",0.1055783170501103,"[0.0, 1.0, 0.0, 0.0, 0.0]",1.0,"[0.0, 0.19099201824401368, 0.0, 0.0, 0.0]",0.1909920182440136,"[122, 335, 1143, 1416, 157]"
5848,500,3,10,256,512,Tanh(),LeakyReLU(negative_slope=0.01),None,CrossEntropyLoss(),0.5,True,1e-05,torch.optim.SGD,0.0001,11,94.59020161628725,0.402458241411913,"[0.0, 0.0, 0.0, 0.4249832551908908, 0.0427807486631016]",0.4677640038539924,"[0.0, 0.0, 0.0, 0.8961864406779662, 0.050955414012738856]",0.947141854690705,"[0.0, 0.0, 0.0, 0.5765561108587006, 0.046511627906976744]",0.6230677387656773,"[122, 335, 1143, 1416, 157]"
5849,500,3,10,256,512,Tanh(),LeakyReLU(negative_slope=0.01),None,CrossEntropyLoss(),0.5,True,1e-05,torch.optim.Adam,0.0001,39,84.3591616153717,0.0384494169555625,"[0.03844941695556256, 0.0, 0.0, 0.0, 0.0]",0.0384494169555625,"[1.0, 0.0, 0.0, 0.0, 0.0]",1.0,"[0.07405159332321701, 0.0, 0.0, 0.0, 0.0]",0.074051593323217,"[122, 335, 1143, 1416, 157]"
5850,500,3,10,256,512,Tanh(),LeakyReLU(negative_slope=0.01),LogSoftmax(dim=1),KLDivLoss(),0.0,False,1e-05,torch.optim.SGD,0.0001,11,88.55268716812134,0.0494799873936337,"[0.0, 0.0, 0.0, 0.0, 0.04947998739363379]",0.0494799873936337,"[0.0, 0.0, 0.0, 0.0, 1.0]",1.0,"[0.0, 0.0, 0.0, 0.0, 0.0942942942942943]",0.0942942942942943,"[122, 335, 1143, 1416, 157]"
5851,500,3,10,256,512,Tanh(),LeakyReLU(negative_slope=0.01),LogSoftmax(dim=1),KLDivLoss(),0.0,False,1e-05,torch.optim.Adam,0.0001,50,70.7235836982727,0.3551843681058935,"[0.1009421265141319, 0.703125, 0.805352798053528, 0.9435897435897436, 0.0905109489051095]",2.643520617062513,"[0.6147540983606558, 0.13432835820895522, 0.289588801399825, 0.3898305084745763, 0.7898089171974523]",2.218310683641465,"[0.17341040462427745, 0.2255639097744361, 0.42599742599742596, 0.5517241379310345, 0.1624099541584807]",1.5391058324856546,"[122, 335, 1143, 1416, 157]"
5852,500,3,10,256,512,Tanh(),LeakyReLU(negative_slope=0.01),LogSoftmax(dim=1),KLDivLoss(),0.0,True,1e-05,torch.optim.SGD,0.0001,71,85.8420592546463,0.1720768988339111,"[0.07301173402868318, 0.10752688172043011, 0.36462093862815886, 0.6252983293556086, 0.07020997375328084]",1.2406678574861616,"[0.45901639344262296, 0.05970149253731343, 0.08836395450568679, 0.1850282485875706, 0.6815286624203821]",1.473638751493576,"[0.12598425196850394, 0.07677543186180422, 0.14225352112676057, 0.285558583106267, 0.1273051754907793]",0.7578769635541149,"[122, 335, 1143, 1416, 157]"
5853,500,3,10,256,512,Tanh(),LeakyReLU(negative_slope=0.01),LogSoftmax(dim=1),KLDivLoss(),0.0,True,1e-05,torch.optim.Adam,0.0001,62,59.45335066318512,0.3860699653324929,"[0.08269230769230769, 0.22752808988764045, 0.6463414634146342, 0.8032786885245902, 0.1]",1.8598405495191723,"[0.3524590163934426, 0.2417910447761194, 0.32458442694663164, 0.4498587570621469, 0.5923566878980892]",1.9610499330764293,"[0.13395638629283488, 0.23444283646888567, 0.4321490972626674, 0.5767315527387958, 0.17111315547378106]",1.548393028236965,"[122, 335, 1143, 1416, 157]"
5854,500,3,10,256,512,Tanh(),LeakyReLU(negative_slope=0.01),LogSoftmax(dim=1),KLDivLoss(),0.5,False,1e-05,torch.optim.SGD,0.0001,18,88.57838785648346,0.1055783170501103,"[0.0, 0.10557831705011031, 0.0, 0.0, 0.0]",0.1055783170501103,"[0.0, 1.0, 0.0, 0.0, 0.0]",1.0,"[0.0, 0.19099201824401368, 0.0, 0.0, 0.0]",0.1909920182440136,"[122, 335, 1143, 1416, 157]"
5855,500,3,10,256,512,Tanh(),LeakyReLU(negative_slope=0.01),LogSoftmax(dim=1),KLDivLoss(),0.5,False,1e-05,torch.optim.Adam,0.0001,11,88.52895522117615,0.3602269145918689,"[0.0, 0.0, 0.3602269145918689, 0.0, 0.0]",0.3602269145918689,"[0.0, 0.0, 1.0, 0.0, 0.0]",1.0,"[0.0, 0.0, 0.5296570898980538, 0.0, 0.0]",0.5296570898980538,"[122, 335, 1143, 1416, 157]"
5856,500,3,10,256,512,Tanh(),LeakyReLU(negative_slope=0.01),LogSoftmax(dim=1),KLDivLoss(),0.5,True,1e-05,torch.optim.SGD,0.0001,17,93.5144830942154,0.1055783170501103,"[0.0, 0.10581174984207202, 0.0, 0.0, 0.0]",0.105811749842072,"[0.0, 1.0, 0.0, 0.0, 0.0]",1.0,"[0.0, 0.19137389317337902, 0.0, 0.0, 0.0]",0.191373893173379,"[122, 335, 1143, 1416, 157]"
5857,500,3,10,256,512,Tanh(),LeakyReLU(negative_slope=0.01),LogSoftmax(dim=1),KLDivLoss(),0.5,True,1e-05,torch.optim.Adam,0.0001,50,83.2331634759903,0.0384494169555625,"[0.03847366761274046, 0.0, 0.0, 0.0, 0.0]",0.0384736676127404,"[1.0, 0.0, 0.0, 0.0, 0.0]",1.0,"[0.07409656847859095, 0.0, 0.0, 0.0, 0.0]",0.0740965684785909,"[122, 335, 1143, 1416, 157]"
5858,500,3,10,256,512,LeakyReLU(negative_slope=0.01),LeakyReLU(negative_slope=0.01),None,CrossEntropyLoss(),0.0,False,1e-05,torch.optim.SGD,0.0001,9,88.54973983764648,0.3602269145918689,"[0.0, 0.0, 0.3602269145918689, 0.0, 0.0]",0.3602269145918689,"[0.0, 0.0, 1.0, 0.0, 0.0]",1.0,"[0.0, 0.0, 0.5296570898980538, 0.0, 0.0]",0.5296570898980538,"[122, 335, 1143, 1416, 157]"
5859,500,3,10,256,512,LeakyReLU(negative_slope=0.01),LeakyReLU(negative_slope=0.01),None,CrossEntropyLoss(),0.0,False,1e-05,torch.optim.Adam,0.0001,34,70.97927260398865,0.3545540497951465,"[0.09445843828715365, 0.42424242424242425, 0.7926829268292683, 0.9489795918367347, 0.088871096877502]",2.349234478073083,"[0.6147540983606558, 0.16716417910447762, 0.28433945756780404, 0.3940677966101695, 0.7070063694267515]",2.167331901069858,"[0.16375545851528386, 0.2398286937901499, 0.4185447520927238, 0.5568862275449101, 0.15789473684210523]",1.536909868785173,"[122, 335, 1143, 1416, 157]"
5860,500,3,10,256,512,LeakyReLU(negative_slope=0.01),LeakyReLU(negative_slope=0.01),None,CrossEntropyLoss(),0.0,True,1e-05,torch.optim.SGD,0.0001,59,86.1658284664154,0.1834226284273558,"[0.055525606469002696, 0.08571428571428572, 0.48068669527896996, 0.6350806451612904, 0.08908685968819599]",1.3460940923117446,"[0.8442622950819673, 0.03582089552238806, 0.09798775153105861, 0.22245762711864406, 0.25477707006369427]",1.4553056393177524,"[0.10419828022255943, 0.05052631578947368, 0.1627906976744186, 0.32949790794979084, 0.132013201320132]",0.7790264029563745,"[122, 335, 1143, 1416, 157]"
5861,500,3,10,256,512,LeakyReLU(negative_slope=0.01),LeakyReLU(negative_slope=0.01),None,CrossEntropyLoss(),0.0,True,1e-05,torch.optim.Adam,0.0001,31,63.82847797870636,0.3643239836117239,"[0.073558648111332, 0.21529745042492918, 0.6557692307692308, 0.8034528552456839, 0.09291187739463602]",1.840990061945812,"[0.30327868852459017, 0.22686567164179106, 0.2983377077865267, 0.4272598870056497, 0.6178343949044586]",1.873576349863016,"[0.11839999999999999, 0.2209302325581395, 0.4101022248947685, 0.557860765329645, 0.16153205661948378]",1.4688252794020369,"[122, 335, 1143, 1416, 157]"
5862,500,3,10,256,512,LeakyReLU(negative_slope=0.01),LeakyReLU(negative_slope=0.01),None,CrossEntropyLoss(),0.5,False,1e-05,torch.optim.SGD,0.0001,10,88.56960391998291,0.0384494169555625,"[0.03844941695556256, 0.0, 0.0, 0.0, 0.0]",0.0384494169555625,"[1.0, 0.0, 0.0, 0.0, 0.0]",1.0,"[0.07405159332321701, 0.0, 0.0, 0.0, 0.0]",0.074051593323217,"[122, 335, 1143, 1416, 157]"
5863,500,3,10,256,512,LeakyReLU(negative_slope=0.01),LeakyReLU(negative_slope=0.01),None,CrossEntropyLoss(),0.5,False,1e-05,torch.optim.Adam,0.0001,13,88.53811836242676,0.4462653640088244,"[0.0, 0.0, 0.0, 0.44626536400882444, 0.0]",0.4462653640088244,"[0.0, 0.0, 0.0, 1.0, 0.0]",1.0,"[0.0, 0.0, 0.0, 0.6171279145783395, 0.0]",0.6171279145783395,"[122, 335, 1143, 1416, 157]"
5864,500,3,10,256,512,LeakyReLU(negative_slope=0.01),LeakyReLU(negative_slope=0.01),None,CrossEntropyLoss(),0.5,True,1e-05,torch.optim.SGD,0.0001,13,94.59542155265808,0.4399621809013552,"[0.0, 0.0, 0.0, 0.4448693435309114, 0.0]",0.4448693435309114,"[0.0, 0.0, 0.0, 0.9858757062146892, 0.0]",0.9858757062146892,"[0.0, 0.0, 0.0, 0.6130873956960913, 0.0]",0.6130873956960913,"[122, 335, 1143, 1416, 157]"
5865,500,3,10,256,512,LeakyReLU(negative_slope=0.01),LeakyReLU(negative_slope=0.01),None,CrossEntropyLoss(),0.5,True,1e-05,torch.optim.Adam,0.0001,48,83.54405212402344,0.0384494169555625,"[0.03844941695556256, 0.0, 0.0, 0.0, 0.0]",0.0384494169555625,"[1.0, 0.0, 0.0, 0.0, 0.0]",1.0,"[0.07405159332321701, 0.0, 0.0, 0.0, 0.0]",0.074051593323217,"[122, 335, 1143, 1416, 157]"
5866,500,3,10,256,512,LeakyReLU(negative_slope=0.01),LeakyReLU(negative_slope=0.01),LogSoftmax(dim=1),KLDivLoss(),0.0,False,1e-05,torch.optim.SGD,0.0001,11,88.65782010555267,0.4462653640088244,"[0.0, 0.0, 0.0, 0.44626536400882444, 0.0]",0.4462653640088244,"[0.0, 0.0, 0.0, 1.0, 0.0]",1.0,"[0.0, 0.0, 0.0, 0.6171279145783395, 0.0]",0.6171279145783395,"[122, 335, 1143, 1416, 157]"
5867,500,3,10,256,512,LeakyReLU(negative_slope=0.01),LeakyReLU(negative_slope=0.01),LogSoftmax(dim=1),KLDivLoss(),0.0,False,1e-05,torch.optim.Adam,0.0001,46,71.00770032405853,0.3791364639142767,"[0.08971291866028708, 0.34146341463414637, 0.7250470809792844, 0.9461663947797716, 0.09412955465587045]",2.19651936370936,"[0.6147540983606558, 0.208955223880597, 0.336832895888014, 0.4096045197740113, 0.5923566878980892]",2.162503425801367,"[0.15657620041753653, 0.25925925925925924, 0.4599761051373955, 0.5717102020699852, 0.16244541484716157]",1.609967181731338,"[122, 335, 1143, 1416, 157]"
5868,500,3,10,256,512,LeakyReLU(negative_slope=0.01),LeakyReLU(negative_slope=0.01),LogSoftmax(dim=1),KLDivLoss(),0.0,True,1e-05,torch.optim.SGD,0.0001,62,86.07902407646179,0.194453198865427,"[0.05473684210526316, 0.08490566037735849, 0.38653846153846155, 0.7352941176470589, 0.08253094910591471]",1.344006030774057,"[0.4262295081967213, 0.16119402985074627, 0.17585301837270342, 0.1765536723163842, 0.3821656050955414]",1.3219958338320963,"[0.09701492537313433, 0.11122554067971165, 0.24173180998196034, 0.2847380410022779, 0.13574660633484162]",0.8704569233719257,"[122, 335, 1143, 1416, 157]"
5869,500,3,10,256,512,LeakyReLU(negative_slope=0.01),LeakyReLU(negative_slope=0.01),LogSoftmax(dim=1),KLDivLoss(),0.0,True,1e-05,torch.optim.Adam,0.0001,53,60.71188938617706,0.3772455089820359,"[0.08960573476702509, 0.2125, 0.6319444444444444, 0.8098958333333334, 0.09779179810725552]",1.8417378106520583,"[0.4098360655737705, 0.20298507462686566, 0.3184601924759405, 0.4392655367231638, 0.5923566878980892]",1.9629035572978293,"[0.14705882352941177, 0.2076335877862595, 0.42350203606748105, 0.5695970695970696, 0.16787003610108303]",1.515661553081305,"[122, 335, 1143, 1416, 157]"
5870,500,3,10,256,512,LeakyReLU(negative_slope=0.01),LeakyReLU(negative_slope=0.01),LogSoftmax(dim=1),KLDivLoss(),0.5,False,1e-05,torch.optim.SGD,0.0001,15,88.53914451599121,0.0384494169555625,"[0.03844941695556256, 0.0, 0.0, 0.0, 0.0]",0.0384494169555625,"[1.0, 0.0, 0.0, 0.0, 0.0]",1.0,"[0.07405159332321701, 0.0, 0.0, 0.0, 0.0]",0.074051593323217,"[122, 335, 1143, 1416, 157]"
5871,500,3,10,256,512,LeakyReLU(negative_slope=0.01),LeakyReLU(negative_slope=0.01),LogSoftmax(dim=1),KLDivLoss(),0.5,False,1e-05,torch.optim.Adam,0.0001,9,88.54057002067566,0.0494799873936337,"[0.0, 0.0, 0.0, 0.0, 0.04947998739363379]",0.0494799873936337,"[0.0, 0.0, 0.0, 0.0, 1.0]",1.0,"[0.0, 0.0, 0.0, 0.0, 0.0942942942942943]",0.0942942942942943,"[122, 335, 1143, 1416, 157]"
5872,500,3,10,256,512,LeakyReLU(negative_slope=0.01),LeakyReLU(negative_slope=0.01),LogSoftmax(dim=1),KLDivLoss(),0.5,True,1e-05,torch.optim.SGD,0.0001,10,92.66699576377869,0.3611723920579893,"[0.0, 0.0, 0.3615068059512504, 0.8, 0.0]",1.1615068059512503,"[0.0, 0.0, 0.9991251093613298, 0.002824858757062147, 0.0]",1.001949968118392,"[0.0, 0.0, 0.5309158530915854, 0.005629838142153413, 0.0]",0.5365456912337389,"[122, 335, 1143, 1416, 157]"
5873,500,3,10,256,512,LeakyReLU(negative_slope=0.01),LeakyReLU(negative_slope=0.01),LogSoftmax(dim=1),KLDivLoss(),0.5,True,1e-05,torch.optim.Adam,0.0001,39,84.31925511360168,0.0384494169555625,"[0.03844941695556256, 0.0, 0.0, 0.0, 0.0]",0.0384494169555625,"[1.0, 0.0, 0.0, 0.0, 0.0]",1.0,"[0.07405159332321701, 0.0, 0.0, 0.0, 0.0]",0.074051593323217,"[122, 335, 1143, 1416, 157]"
